appendix_pilot,instance_id,benchmark,language,file_count_bucket,harness,cond,arm,seed,model,status_taxonomy,legit,resolved,f2p_pass,f2p_total,p2p_pass,p2p_total,cost_usd,total_cost_usd,turns,tokens_total,patch_bytes,modified_files,wall_clock_secs,n_surfaced,first_gold_rank,acc@1,acc@3,acc@5,acc@10,recall@1,recall@3,recall@5,recall@10,n_gold,edit_precision,edit_recall,loc_metric
1,instance_flipt-io__flipt-b4bb5e13006a729bc0eed8fe6ea18cff54acdacb,pro,go,3+,supercoder,on,SC-ON,0,opus,resolved,1,1,1,1,0,0,1.5261339999999999,1.526134,40,14003,8961,8,515.7,53,1,1,1,1,1,0.125,0.375,0.375,0.375,8,0.5,0.5,surfaced_v2
1,instance_flipt-io__flipt-b4bb5e13006a729bc0eed8fe6ea18cff54acdacb,pro,go,3+,supercoder,off,SC-OFF,0,opus,resolved,1,1,1,1,0,0,1.3283302500000003,1.32833,40,12512,10538,7,437.83,42,1,1,1,1,1,0.125,0.125,0.125,0.375,8,0.5714,0.5,surfaced_v2
1,instance_flipt-io__flipt-b4bb5e13006a729bc0eed8fe6ea18cff54acdacb,pro,go,3+,opencode,l1,OpenCode,0,kimi,resolved,1,1,1,1,0,0,0.6890148800000001,0.689015,68,212042,7446,7,569.62,103,14,0,0,0,0,0.0,0.0,0.0,0.0,8,0.7143,0.625,surfaced_v2
1,instance_flipt-io__flipt-b4bb5e13006a729bc0eed8fe6ea18cff54acdacb,pro,go,3+,opencode,l1,OpenCode,0,opus,resolved,1,1,1,1,0,0,2.0780052500000004,2.078005,61,19175,11264,10,436.23,80,1,1,1,1,1,0.125,0.125,0.125,0.25,8,0.6,0.75,surfaced_v2
1,instance_flipt-io__flipt-b4bb5e13006a729bc0eed8fe6ea18cff54acdacb,pro,go,3+,aider,l1,Aider,0,kimi,resolved,1,1,1,1,0,0,0.06903485,0.069035,4,35524,3414,2,164.32,2,1,1,1,1,1,0.125,0.25,0.25,0.25,8,1.0,0.25,surfaced_v2
1,instance_flipt-io__flipt-b4bb5e13006a729bc0eed8fe6ea18cff54acdacb,pro,go,3+,aider,l1,Aider,0,opus,unresolved,1,0,0,1,0,0,0.63665,0.63665,4,3664,0,0,56.46,11,2,0,1,1,1,0.0,0.125,0.375,0.375,8,,0.0,surfaced_v2
1,google__gson-2071,polybench,java,1,supercoder,on,SC-ON,0,kimi,resolved,1,1,1,1,12,12,0.25800398999999996,0.258004,26,95275,3196,2,219.32,14,8,0,0,0,1,0.0,0.0,0.0,1.0,1,0.5,1.0,surfaced_v2
1,google__gson-2071,polybench,java,1,supercoder,off,SC-OFF,0,kimi,resolved,1,1,1,1,12,12,0.17173025999999994,0.17173,24,72131,3162,2,217.11,17,6,0,0,0,1,0.0,0.0,0.0,1.0,1,0.5,1.0,surfaced_v2
1,google__gson-2071,polybench,java,1,supercoder,on,SC-ON,0,opus,resolved,1,1,1,1,12,12,0.5502410000000001,0.550241,19,5137,3077,2,152.63,10,1,1,1,1,1,1.0,1.0,1.0,1.0,1,0.5,1.0,surfaced_v2
1,google__gson-2071,polybench,java,1,supercoder,off,SC-OFF,0,opus,resolved,1,1,1,1,12,12,0.3544485000000001,0.354449,19,5005,3115,2,131.05,16,7,0,0,0,1,0.0,0.0,0.0,1.0,1,0.5,1.0,surfaced_v2
1,google__gson-2071,polybench,java,1,opencode,l1,OpenCode,0,kimi,resolved,1,1,1,1,12,12,0.18493925000000003,0.184939,24,89642,3474,2,200.08,18,5,0,0,1,1,0.0,0.0,1.0,1.0,1,0.5,1.0,surfaced_v2
1,google__gson-2071,polybench,java,1,opencode,l1,OpenCode,0,opus,resolved,1,1,1,1,12,12,0.5016312500000001,0.501631,21,7041,3104,2,122.98,11,6,0,0,0,1,0.0,0.0,0.0,1.0,1,0.5,1.0,surfaced_v2
1,google__gson-2071,polybench,java,1,aider,l1,Aider,0,kimi,resolved,1,1,1,1,12,12,0.060226180000000004,0.060226,4,29699,1709,1,100.66,2,1,1,1,1,1,1.0,1.0,1.0,1.0,1,1.0,1.0,surfaced_v2
1,google__gson-2071,polybench,java,1,aider,l1,Aider,0,opus,resolved,1,1,1,1,12,12,0.18577500000000002,0.185775,2,857,1799,1,20.44,2,2,0,1,1,1,0.0,1.0,1.0,1.0,1,1.0,1.0,surfaced_v2
1,keras-team__keras-18553,polybench,python,1,supercoder,on,SC-ON,0,opus,unresolved,1,0,0,2,0,88,0.42413375,0.424134,14,4445,0,0,246.17,20,,0,0,0,0,0.0,0.0,0.0,0.0,1,,0.0,surfaced_v2
1,keras-team__keras-18553,polybench,python,1,supercoder,off,SC-OFF,0,opus,unresolved,1,0,0,2,88,88,0.74780725,0.747807,31,9111,1035,1,247.85,39,31,0,0,0,0,0.0,0.0,0.0,0.0,1,0.0,0.0,surfaced_v2
1,keras-team__keras-18553,polybench,python,1,opencode,l1,OpenCode,0,kimi,unresolved,1,0,0,2,88,88,0.9024898899999998,0.90249,77,241020,1204,1,1476.37,42,13,0,0,0,0,0.0,0.0,0.0,0.0,1,0.0,0.0,surfaced_v2
1,keras-team__keras-18553,polybench,python,1,opencode,l1,OpenCode,0,opus,unresolved,1,0,0,2,88,88,1.0259264999999997,1.025926,47,10835,1094,1,397.49,19,11,0,0,0,0,0.0,0.0,0.0,0.0,1,0.0,0.0,surfaced_v2
1,keras-team__keras-18553,polybench,python,1,aider,l1,Aider,0,kimi,unresolved,1,0,0,2,88,88,0.042355899999999995,0.042356,2,23982,1261,1,1104.26,2,,0,0,0,0,0.0,0.0,0.0,0.0,1,0.0,0.0,surfaced_v2
1,keras-team__keras-18553,polybench,python,1,aider,l1,Aider,0,opus,unresolved,1,0,0,2,0,88,0.2935625,0.293563,2,4170,0,0,65.33,2,,0,0,0,0,0.0,0.0,0.0,0.0,1,,0.0,surfaced_v2
1,instance_qutebrowser__qutebrowser-1943fa072ec3df5a87e18a23b0916f134c131016-vafb3e8e01b31319c66c4e666b8a3b1d8ba55db24,pro,python,3+,supercoder,on,SC-ON,0,kimi,unresolved,1,0,0,4,14,14,0.7525888599999999,1.348811,71,253394,756,1,674.06,37,1,1,1,1,1,0.2,0.4,0.8,1.0,5,1.0,0.2,surfaced_v2
1,instance_qutebrowser__qutebrowser-1943fa072ec3df5a87e18a23b0916f134c131016-vafb3e8e01b31319c66c4e666b8a3b1d8ba55db24,pro,python,3+,supercoder,off,SC-OFF,0,kimi,unresolved,1,0,0,4,14,14,0.6622730600000003,0.74863,66,191003,755,1,1190.56,100,2,0,1,1,1,0.0,0.4,0.4,0.6,5,1.0,0.2,surfaced_v2
1,instance_qutebrowser__qutebrowser-1943fa072ec3df5a87e18a23b0916f134c131016-vafb3e8e01b31319c66c4e666b8a3b1d8ba55db24,pro,python,3+,supercoder,on,SC-ON,0,opus,unresolved,1,0,0,4,14,14,0.9305679999999998,0.930568,26,5945,1849,2,235.51,18,2,0,1,1,1,0.0,0.4,0.6,0.8,5,1.0,0.4,surfaced_v2
1,instance_qutebrowser__qutebrowser-1943fa072ec3df5a87e18a23b0916f134c131016-vafb3e8e01b31319c66c4e666b8a3b1d8ba55db24,pro,python,3+,supercoder,off,SC-OFF,0,opus,unresolved,1,0,0,4,14,14,0.8964982499999999,0.896498,40,7535,3286,4,275.36,46,16,0,0,0,0,0.0,0.0,0.0,0.0,5,1.0,0.8,surfaced_v2
1,instance_qutebrowser__qutebrowser-1943fa072ec3df5a87e18a23b0916f134c131016-vafb3e8e01b31319c66c4e666b8a3b1d8ba55db24,pro,python,3+,opencode,l1,OpenCode,0,kimi,unsolved_timeout,1,0,0,4,14,14,0.9432887500000001,1.895084,45,243841,0,0,1800.64,53,1,1,1,1,1,0.2,0.2,0.2,1.0,5,,0.0,surfaced_v2
1,instance_qutebrowser__qutebrowser-1943fa072ec3df5a87e18a23b0916f134c131016-vafb3e8e01b31319c66c4e666b8a3b1d8ba55db24,pro,python,3+,opencode,l1,OpenCode,0,opus,resolved,1,1,4,4,14,14,1.3528502500000004,1.35285,42,17573,4915,5,528.21,39,1,1,1,1,1,0.2,0.6,0.8,1.0,5,1.0,1.0,surfaced_v2
1,instance_qutebrowser__qutebrowser-1943fa072ec3df5a87e18a23b0916f134c131016-vafb3e8e01b31319c66c4e666b8a3b1d8ba55db24,pro,python,3+,aider,l1,Aider,0,kimi,unresolved,1,0,0,4,14,14,0.018815000000000002,0.018815,1,12855,0,0,1617.23,3,2,0,1,1,1,0.0,0.4,0.4,0.4,5,,0.0,surfaced_v2
1,instance_qutebrowser__qutebrowser-1943fa072ec3df5a87e18a23b0916f134c131016-vafb3e8e01b31319c66c4e666b8a3b1d8ba55db24,pro,python,3+,aider,l1,Aider,0,opus,unresolved,1,0,0,4,14,14,0.35453124999999996,0.354531,2,1037,1588,2,29.3,3,2,0,1,1,1,0.0,0.4,0.4,0.4,5,1.0,0.4,surfaced_v2
1,instance_flipt-io__flipt-0b119520afca1cf25c470ff4288c464d4510b944,pro,go,3+,supercoder,on,SC-ON,0,opus,resolved,1,1,1,1,0,0,1.61872525,1.618725,40,12297,14948,3,322.43,52,31,0,0,0,0,0.0,0.0,0.0,0.0,3,0.6667,0.6667,surfaced_v2
1,instance_flipt-io__flipt-0b119520afca1cf25c470ff4288c464d4510b944,pro,go,3+,opencode,l1,OpenCode,0,kimi,unresolved,1,0,0,1,0,0,1.7321420599999997,1.732142,112,633673,10542,3,955.69,108,56,0,0,0,0,0.0,0.0,0.0,0.0,3,0.6667,0.6667,surfaced_v2
1,instance_flipt-io__flipt-0b119520afca1cf25c470ff4288c464d4510b944,pro,go,3+,opencode,l1,OpenCode,0,opus,unresolved,1,0,0,1,0,0,4.5732407499999965,4.573241,127,46037,14738,3,527.77,22,1,1,1,1,1,0.3333,0.6667,0.6667,0.6667,3,0.6667,0.6667,surfaced_v2
1,instance_flipt-io__flipt-0b119520afca1cf25c470ff4288c464d4510b944,pro,go,3+,aider,l1,Aider,0,kimi,unresolved,1,0,0,1,0,0,0.06190942,0.061909,3,43485,0,0,80.96,5,2,0,1,1,1,0.0,0.3333,0.3333,0.3333,3,,0.0,surfaced_v2
1,instance_flipt-io__flipt-0b119520afca1cf25c470ff4288c464d4510b944,pro,go,3+,aider,l1,Aider,0,opus,unresolved,1,0,0,1,0,0,0.8653329999999999,0.865333,5,8462,6323,1,106.93,5,2,0,1,1,1,0.0,0.3333,0.6667,0.6667,3,1.0,0.3333,surfaced_v2
1,apache__rocketmq-7745,polybench,java,1,supercoder,on,SC-ON,0,kimi,resolved,1,1,1,1,0,0,0.4798108299999999,0.479811,34,183846,2326,2,969.67,74,19,0,0,0,0,0.0,0.0,0.0,0.0,1,0.5,1.0,surfaced_v2
1,apache__rocketmq-7745,polybench,java,1,supercoder,on,SC-ON,0,opus,resolved,1,1,1,1,0,0,1.20260325,1.202603,34,11361,3556,2,1041.98,31,18,0,0,0,0,0.0,0.0,0.0,0.0,1,0.5,1.0,surfaced_v2
1,apache__rocketmq-7745,polybench,java,1,supercoder,off,SC-OFF,0,opus,resolved,1,1,1,1,0,0,1.1423227500000002,1.142323,39,13134,3804,2,765.45,27,15,0,0,0,0,0.0,0.0,0.0,0.0,1,0.5,1.0,surfaced_v2
1,apache__rocketmq-7745,polybench,java,1,opencode,l1,OpenCode,0,kimi,resolved,1,1,1,1,0,0,0.29318243000000005,0.293182,24,95322,3082,2,743.67,37,23,0,0,0,0,0.0,0.0,0.0,0.0,1,0.5,1.0,surfaced_v2
1,apache__rocketmq-7745,polybench,java,1,opencode,l1,OpenCode,0,opus,resolved,1,1,1,1,0,0,0.7360292500000001,0.736029,25,10347,2566,2,596.78,37,25,0,0,0,0,0.0,0.0,0.0,0.0,1,0.5,1.0,surfaced_v2
1,apache__rocketmq-7745,polybench,java,1,aider,l1,Aider,0,kimi,unresolved,1,0,0,1,0,0,0.05979599,0.059796,4,22077,1883,1,997.44,2,,0,0,0,0,0.0,0.0,0.0,0.0,1,0.0,0.0,surfaced_v2
1,apache__rocketmq-7745,polybench,java,1,aider,l1,Aider,0,opus,resolved,1,1,1,1,0,0,0.4446772499999999,0.444677,4,3689,1321,1,67.25,3,1,1,1,1,1,1.0,1.0,1.0,1.0,1,1.0,1.0,surfaced_v2
1,huggingface__transformers-25884,polybench,python,1,supercoder,on,SC-ON,0,kimi,resolved,1,1,1,1,3,3,0.18739974,0.1874,28,63701,641,1,279.08,76,43,0,0,0,0,0.0,0.0,0.0,0.0,1,1.0,1.0,surfaced_v2
1,huggingface__transformers-25884,polybench,python,1,supercoder,on,SC-ON,0,opus,resolved,1,1,1,1,3,3,0.3799435,0.379943,14,3152,586,1,98.57,34,13,0,0,0,0,0.0,0.0,0.0,0.0,1,1.0,1.0,surfaced_v2
1,huggingface__transformers-25884,polybench,python,1,supercoder,off,SC-OFF,0,opus,resolved,1,1,1,1,3,3,0.19526425,0.195264,10,2656,641,1,75.5,11,1,1,1,1,1,1.0,1.0,1.0,1.0,1,1.0,1.0,surfaced_v2
1,huggingface__transformers-25884,polybench,python,1,opencode,l1,OpenCode,0,kimi,resolved,1,1,1,1,3,3,0.18326406999999997,0.183264,26,83813,641,1,189.45,187,11,0,0,0,0,0.0,0.0,0.0,0.0,1,1.0,1.0,surfaced_v2
1,huggingface__transformers-25884,polybench,python,1,opencode,l1,OpenCode,0,opus,resolved,1,1,1,1,3,3,0.307462,0.307462,14,4249,641,1,151.8,22,1,1,1,1,1,1.0,1.0,1.0,1.0,1,1.0,1.0,surfaced_v2
1,huggingface__transformers-25884,polybench,python,1,aider,l1,Aider,0,kimi,resolved,1,1,1,1,3,3,0.03205529,0.032055,2,25485,586,1,90.21,4,2,0,1,1,1,0.0,1.0,1.0,1.0,1,1.0,1.0,surfaced_v2
1,huggingface__transformers-25884,polybench,python,1,aider,l1,Aider,0,opus,unresolved,1,0,0,1,0,3,0.038075,0.038075,1,279,0,0,49.67,3,3,0,1,1,1,0.0,1.0,1.0,1.0,1,,0.0,surfaced_v2
1,instance_internetarchive__openlibrary-1be7de788a444f6255e89c10ef6aa608550604a8-v29f82c9cf21d57b242f8d8b0e541525d259e2d63,pro,python,3+,supercoder,on,SC-ON,0,kimi,unresolved,1,0,0,6,0,0,1.0433515700000002,1.98217,73,295888,3274,4,1553.13,85,1,1,1,1,1,0.25,0.75,1.0,1.0,4,0.5,0.5,surfaced_v2
1,instance_internetarchive__openlibrary-1be7de788a444f6255e89c10ef6aa608550604a8-v29f82c9cf21d57b242f8d8b0e541525d259e2d63,pro,python,3+,supercoder,off,SC-OFF,0,kimi,infra_failed,0,,,,,,,2.335838,,,,,,,,,,,,,,,,,,,
1,instance_internetarchive__openlibrary-1be7de788a444f6255e89c10ef6aa608550604a8-v29f82c9cf21d57b242f8d8b0e541525d259e2d63,pro,python,3+,supercoder,on,SC-ON,0,opus,unresolved,1,0,0,6,0,0,1.8433097500000002,1.84331,41,16040,9595,6,247.2,58,14,0,0,0,0,0.0,0.0,0.0,0.0,4,0.5,0.75,surfaced_v2
1,instance_internetarchive__openlibrary-1be7de788a444f6255e89c10ef6aa608550604a8-v29f82c9cf21d57b242f8d8b0e541525d259e2d63,pro,python,3+,supercoder,off,SC-OFF,0,opus,unresolved,1,0,0,6,0,0,1.78024575,1.780246,46,15141,5481,4,465.52,63,14,0,0,0,0,0.0,0.0,0.0,0.0,4,0.5,0.5,surfaced_v2
1,instance_internetarchive__openlibrary-1be7de788a444f6255e89c10ef6aa608550604a8-v29f82c9cf21d57b242f8d8b0e541525d259e2d63,pro,python,3+,opencode,l1,OpenCode,0,kimi,unsolved_timeout,1,0,0,6,0,0,0.70979098,4.21927,45,347259,0,0,1801.04,27,1,1,1,1,1,0.25,0.75,1.0,1.0,4,,0.0,surfaced_v2
1,instance_internetarchive__openlibrary-1be7de788a444f6255e89c10ef6aa608550604a8-v29f82c9cf21d57b242f8d8b0e541525d259e2d63,pro,python,3+,opencode,l1,OpenCode,0,opus,unresolved,1,0,0,6,0,0,0.7669215,0.766922,21,5682,0,0,122.41,28,2,0,1,1,1,0.0,0.5,0.5,1.0,4,,0.0,surfaced_v2
1,instance_internetarchive__openlibrary-1be7de788a444f6255e89c10ef6aa608550604a8-v29f82c9cf21d57b242f8d8b0e541525d259e2d63,pro,python,3+,aider,l1,Aider,0,kimi,unresolved,1,0,0,6,0,0,0.05907187,0.059072,4,30479,2334,1,598.24,2,1,1,1,1,1,0.25,0.25,0.25,0.25,4,1.0,0.25,surfaced_v2
1,instance_internetarchive__openlibrary-1be7de788a444f6255e89c10ef6aa608550604a8-v29f82c9cf21d57b242f8d8b0e541525d259e2d63,pro,python,3+,aider,l1,Aider,0,opus,unresolved,1,0,0,6,0,0,0.28835575,0.288356,4,2903,3377,2,60.4,3,1,1,1,1,1,0.25,0.5,0.5,0.5,4,1.0,0.5,surfaced_v2
1,instance_future-architect__vuls-8659668177f1feb65963db7a967347a79c5f9c40,pro,go,3+,supercoder,on,SC-ON,0,opus,resolved,1,1,15,15,0,0,1.2943417500000003,1.294342,24,9221,9229,3,195.21,28,6,0,0,0,1,0.0,0.0,0.0,0.25,4,0.6667,0.5,surfaced_v2
1,instance_future-architect__vuls-8659668177f1feb65963db7a967347a79c5f9c40,pro,go,3+,supercoder,off,SC-OFF,0,opus,resolved,1,1,15,15,0,0,0.8582652499999999,0.858265,29,10787,10612,4,210.25,12,1,1,1,1,1,0.25,0.5,0.5,0.5,4,0.5,0.5,surfaced_v2
1,instance_future-architect__vuls-8659668177f1feb65963db7a967347a79c5f9c40,pro,go,3+,opencode,l1,OpenCode,0,kimi,resolved,1,1,15,15,0,0,0.7210710100000001,0.721071,50,259406,9556,4,1018.25,27,3,0,1,1,1,0.0,0.25,0.5,0.5,4,0.5,0.5,surfaced_v2
1,instance_future-architect__vuls-8659668177f1feb65963db7a967347a79c5f9c40,pro,go,3+,opencode,l1,OpenCode,0,opus,resolved,1,1,15,15,0,0,1.11564975,1.11565,31,17178,10373,3,441.36,9,1,1,1,1,1,0.25,0.5,0.5,0.5,4,0.6667,0.5,surfaced_v2
1,instance_future-architect__vuls-8659668177f1feb65963db7a967347a79c5f9c40,pro,go,3+,aider,l1,Aider,0,kimi,unresolved,1,0,0,15,0,0,0.02116402,0.021164,1,12290,0,0,1681.5,4,2,0,1,1,1,0.0,0.25,0.25,0.25,4,,0.0,surfaced_v2
1,instance_future-architect__vuls-8659668177f1feb65963db7a967347a79c5f9c40,pro,go,3+,aider,l1,Aider,0,opus,unresolved,1,0,0,15,0,0,0.5854625,0.585462,3,6570,0,0,102.95,4,2,0,1,1,1,0.0,0.25,0.5,0.5,4,,0.0,surfaced_v2
1,apache__rocketmq-7426,polybench,java,1,supercoder,on,SC-ON,0,kimi,unresolved,1,0,0,4,0,0,0.058862689999999995,0.058863,9,35834,937,1,104.33,18,1,1,1,1,1,1.0,1.0,1.0,1.0,1,1.0,1.0,surfaced_v2
1,apache__rocketmq-7426,polybench,java,1,supercoder,off,SC-OFF,0,kimi,unresolved,1,0,0,4,0,0,0.04484392,0.044844,8,30450,937,1,68.12,21,4,0,0,1,1,0.0,0.0,1.0,1.0,1,1.0,1.0,surfaced_v2
1,apache__rocketmq-7426,polybench,java,1,supercoder,on,SC-ON,0,opus,unresolved,1,0,0,4,0,0,1.30194225,1.301942,30,11057,7934,2,344.02,26,1,1,1,1,1,1.0,1.0,1.0,1.0,1,0.5,1.0,surfaced_v2
1,apache__rocketmq-7426,polybench,java,1,supercoder,off,SC-OFF,0,opus,unresolved,1,0,0,4,0,0,0.67788675,0.677887,22,6507,5599,2,252.67,22,1,1,1,1,1,1.0,1.0,1.0,1.0,1,0.5,1.0,surfaced_v2
1,apache__rocketmq-7426,polybench,java,1,opencode,l1,OpenCode,0,kimi,unresolved,1,0,0,4,0,0,0.07801255,0.078013,10,49066,937,1,93.36,27,5,0,0,1,1,0.0,0.0,1.0,1.0,1,1.0,1.0,surfaced_v2
1,apache__rocketmq-7426,polybench,java,1,opencode,l1,OpenCode,0,opus,unresolved,1,0,0,4,0,0,0.46161025,0.46161,13,4495,2308,1,120.43,17,1,1,1,1,1,1.0,1.0,1.0,1.0,1,1.0,1.0,surfaced_v2
1,apache__rocketmq-7426,polybench,java,1,aider,l1,Aider,0,kimi,unresolved,1,0,0,4,0,0,0.01391571,0.013916,1,10882,0,0,38.1,2,,0,0,0,0,0.0,0.0,0.0,0.0,1,,0.0,surfaced_v2
1,apache__rocketmq-7426,polybench,java,1,aider,l1,Aider,0,opus,unresolved,1,0,0,4,0,0,0.27939425,0.279394,4,2657,2945,1,69.0,1,,0,0,0,0,0.0,0.0,0.0,0.0,1,1.0,1.0,surfaced_v2
1,keras-team__keras-19636,polybench,python,1,supercoder,on,SC-ON,0,opus,resolved,1,1,1,1,28,28,1.3218154999999996,1.321815,35,9459,3114,2,239.78,48,18,0,0,0,0,0.0,0.0,0.0,0.0,1,0.5,1.0,surfaced_v2
1,keras-team__keras-19636,polybench,python,1,supercoder,off,SC-OFF,0,opus,resolved,1,1,1,1,28,28,0.5899197500000001,0.58992,29,8350,2353,2,219.0,32,6,0,0,0,1,0.0,0.0,0.0,1.0,1,0.5,1.0,surfaced_v2
1,keras-team__keras-19636,polybench,python,1,opencode,l1,OpenCode,0,kimi,resolved,1,1,1,1,28,28,0.59746942,0.597469,66,181362,3771,2,720.47,81,1,1,1,1,1,1.0,1.0,1.0,1.0,1,0.5,1.0,surfaced_v2
1,keras-team__keras-19636,polybench,python,1,opencode,l1,OpenCode,0,opus,resolved,1,1,1,1,28,28,0.88438075,0.884381,33,11269,2787,2,185.66,37,1,1,1,1,1,1.0,1.0,1.0,1.0,1,0.5,1.0,surfaced_v2
1,keras-team__keras-19636,polybench,python,1,aider,l1,Aider,0,kimi,unresolved,1,0,0,1,28,28,0.08795150999999998,0.087952,3,50196,604,1,120.47,4,,0,0,0,0,0.0,0.0,0.0,0.0,1,0.0,0.0,surfaced_v2
1,keras-team__keras-19636,polybench,python,1,aider,l1,Aider,0,opus,resolved,1,1,1,1,28,28,0.7735750000000001,0.773575,5,3159,849,1,53.1,3,3,0,1,1,1,0.0,1.0,1.0,1.0,1,1.0,1.0,surfaced_v2
1,instance_ansible__ansible-185d41031660a676c43fbb781cd1335902024bfe-vba6da65a0f3baefda7a058ebbd0a8dcafb8512f5,pro,python,2,supercoder,on,SC-ON,0,kimi,unresolved,1,0,0,2,27,27,0.19086392,0.190864,27,75658,6205,1,199.55,35,1,1,1,1,1,0.3333,0.3333,0.3333,0.6667,3,1.0,0.3333,surfaced_v2
1,instance_ansible__ansible-185d41031660a676c43fbb781cd1335902024bfe-vba6da65a0f3baefda7a058ebbd0a8dcafb8512f5,pro,python,2,supercoder,off,SC-OFF,0,kimi,unresolved,1,0,0,2,27,27,0.21405744999999995,0.214057,31,98295,7673,2,162.19,35,16,0,0,0,0,0.0,0.0,0.0,0.0,3,0.5,0.3333,surfaced_v2
1,instance_ansible__ansible-185d41031660a676c43fbb781cd1335902024bfe-vba6da65a0f3baefda7a058ebbd0a8dcafb8512f5,pro,python,2,supercoder,on,SC-ON,0,opus,unresolved,1,0,0,2,27,27,0.60968575,0.609686,17,6907,7621,1,112.94,31,1,1,1,1,1,0.3333,0.3333,0.6667,0.6667,3,1.0,0.3333,surfaced_v2
1,instance_ansible__ansible-185d41031660a676c43fbb781cd1335902024bfe-vba6da65a0f3baefda7a058ebbd0a8dcafb8512f5,pro,python,2,supercoder,off,SC-OFF,0,opus,unresolved,1,0,0,2,27,27,0.42252175000000003,0.422522,16,6055,6500,1,88.51,45,21,0,0,0,0,0.0,0.0,0.0,0.0,3,1.0,0.3333,surfaced_v2
1,instance_ansible__ansible-185d41031660a676c43fbb781cd1335902024bfe-vba6da65a0f3baefda7a058ebbd0a8dcafb8512f5,pro,python,2,opencode,l1,OpenCode,0,kimi,unresolved,1,0,0,2,27,27,0.35399049999999993,0.35399,40,106796,8959,3,249.45,26,10,0,0,0,1,0.0,0.0,0.0,0.3333,3,0.6667,0.6667,surfaced_v2
1,instance_ansible__ansible-185d41031660a676c43fbb781cd1335902024bfe-vba6da65a0f3baefda7a058ebbd0a8dcafb8512f5,pro,python,2,opencode,l1,OpenCode,0,opus,unresolved,1,0,0,2,27,27,0.48226649999999993,0.482266,17,7655,7795,1,180.17,29,21,0,0,0,0,0.0,0.0,0.0,0.0,3,1.0,0.3333,surfaced_v2
1,instance_ansible__ansible-185d41031660a676c43fbb781cd1335902024bfe-vba6da65a0f3baefda7a058ebbd0a8dcafb8512f5,pro,python,2,aider,l1,Aider,0,kimi,unresolved,1,0,0,2,27,27,0.03173264,0.031733,3,26803,0,0,1551.32,3,2,0,1,1,1,0.0,0.6667,0.6667,0.6667,3,,0.0,surfaced_v2
1,instance_ansible__ansible-185d41031660a676c43fbb781cd1335902024bfe-vba6da65a0f3baefda7a058ebbd0a8dcafb8512f5,pro,python,2,aider,l1,Aider,0,opus,unresolved,1,0,0,2,27,27,0.3255315,0.325531,4,4689,6543,1,97.53,1,1,1,1,1,1,0.3333,0.3333,0.3333,0.3333,3,1.0,0.3333,surfaced_v2
1,instance_gravitational__teleport-1b08e7d0dbe68fe530a0f08ad408ec198b7c53fc-vee9b09fb20c43af7e520f57e9239bbcf46b7113d,pro,go,1,supercoder,on,SC-ON,0,kimi,unresolved,1,0,0,2,13,13,0.5010266799999998,2.252932,45,203160,3123,2,733.23,68,38,0,0,0,0,0.0,0.0,0.0,0.0,1,0.5,1.0,surfaced_v2
1,instance_gravitational__teleport-1b08e7d0dbe68fe530a0f08ad408ec198b7c53fc-vee9b09fb20c43af7e520f57e9239bbcf46b7113d,pro,go,1,supercoder,off,SC-OFF,0,kimi,unresolved,1,0,0,2,13,13,0.37569771999999996,0.375698,36,139059,3983,2,571.99,179,160,0,0,0,0,0.0,0.0,0.0,0.0,1,0.5,1.0,surfaced_v2
1,instance_gravitational__teleport-1b08e7d0dbe68fe530a0f08ad408ec198b7c53fc-vee9b09fb20c43af7e520f57e9239bbcf46b7113d,pro,go,1,supercoder,on,SC-ON,0,opus,unresolved,1,0,0,2,13,13,0.9077470000000001,0.907747,19,6852,2354,2,319.3,22,3,0,1,1,1,0.0,1.0,1.0,1.0,1,0.5,1.0,surfaced_v2
1,instance_gravitational__teleport-1b08e7d0dbe68fe530a0f08ad408ec198b7c53fc-vee9b09fb20c43af7e520f57e9239bbcf46b7113d,pro,go,1,supercoder,off,SC-OFF,0,opus,unresolved,1,0,0,2,13,13,0.9129247500000001,0.912925,31,10781,3825,2,453.26,22,3,0,1,1,1,0.0,1.0,1.0,1.0,1,0.5,1.0,surfaced_v2
1,instance_gravitational__teleport-1b08e7d0dbe68fe530a0f08ad408ec198b7c53fc-vee9b09fb20c43af7e520f57e9239bbcf46b7113d,pro,go,1,opencode,l1,OpenCode,0,kimi,unresolved,1,0,0,2,13,13,0.33892375999999996,0.338924,28,98876,2375,2,1292.78,31,15,0,0,0,0,0.0,0.0,0.0,0.0,1,0.5,1.0,surfaced_v2
1,instance_gravitational__teleport-1b08e7d0dbe68fe530a0f08ad408ec198b7c53fc-vee9b09fb20c43af7e520f57e9239bbcf46b7113d,pro,go,1,opencode,l1,OpenCode,0,opus,unresolved,1,0,0,2,13,13,0.9224225,0.922423,28,12004,4194,2,285.06,22,2,0,1,1,1,0.0,1.0,1.0,1.0,1,0.5,1.0,surfaced_v2
1,instance_gravitational__teleport-1b08e7d0dbe68fe530a0f08ad408ec198b7c53fc-vee9b09fb20c43af7e520f57e9239bbcf46b7113d,pro,go,1,aider,l1,Aider,0,kimi,unresolved,1,0,0,2,13,13,0.03500667,0.035007,2,20809,704,1,102.73,2,2,0,1,1,1,0.0,1.0,1.0,1.0,1,1.0,1.0,surfaced_v2
1,instance_gravitational__teleport-1b08e7d0dbe68fe530a0f08ad408ec198b7c53fc-vee9b09fb20c43af7e520f57e9239bbcf46b7113d,pro,go,1,aider,l1,Aider,0,opus,unresolved,1,0,0,2,13,13,0.2451275,0.245127,4,6185,840,1,79.42,3,1,1,1,1,1,1.0,1.0,1.0,1.0,1,1.0,1.0,surfaced_v2
1,trinodb__trino-1512,polybench,java,1,supercoder,on,SC-ON,0,opus,resolved,1,1,2,2,46,46,1.1387007500000002,1.138701,40,11836,5312,1,294.43,5,1,1,1,1,1,1.0,1.0,1.0,1.0,1,1.0,1.0,surfaced_v2
1,trinodb__trino-1512,polybench,java,1,opencode,l1,OpenCode,0,kimi,resolved,1,1,2,2,46,46,0.141492,0.141492,20,61455,3511,2,492.95,34,2,0,1,1,1,0.0,1.0,1.0,1.0,1,0.5,1.0,surfaced_v2
1,trinodb__trino-1512,polybench,java,1,opencode,l1,OpenCode,0,opus,resolved,1,1,2,2,46,46,0.7684042500000001,0.768404,30,10131,1710,1,245.17,4,1,1,1,1,1,1.0,1.0,1.0,1.0,1,1.0,1.0,surfaced_v2
1,trinodb__trino-1512,polybench,java,1,aider,l1,Aider,0,kimi,resolved,1,1,2,2,46,46,0.03639805,0.036398,2,26013,1282,1,144.84,2,2,0,1,1,1,0.0,1.0,1.0,1.0,1,1.0,1.0,surfaced_v2
1,trinodb__trino-1512,polybench,java,1,aider,l1,Aider,0,opus,resolved,1,1,2,2,46,46,0.2501875,0.250188,2,603,1293,1,95.93,2,2,0,1,1,1,0.0,1.0,1.0,1.0,1,1.0,1.0,surfaced_v2
1,huggingface__transformers-28115,polybench,python,2,supercoder,on,SC-ON,0,kimi,unresolved,1,0,0,1,83,83,0.16726698,0.167267,22,56760,1564,1,316.98,27,1,1,1,1,1,0.5,0.5,0.5,0.5,2,1.0,0.5,surfaced_v2
1,huggingface__transformers-28115,polybench,python,2,supercoder,on,SC-ON,0,opus,unresolved,1,0,0,1,83,83,0.2281105,0.22811,9,3178,1591,1,76.48,9,1,1,1,1,1,0.5,0.5,0.5,0.5,2,1.0,0.5,surfaced_v2
1,huggingface__transformers-28115,polybench,python,2,supercoder,off,SC-OFF,0,opus,unresolved,1,0,0,1,83,83,0.24985700000000002,0.249857,9,4235,1591,1,134.86,8,1,1,1,1,1,0.5,0.5,0.5,0.5,2,1.0,0.5,surfaced_v2
1,huggingface__transformers-28115,polybench,python,2,opencode,l1,OpenCode,0,kimi,unresolved,1,0,0,1,83,83,0.2602332500000001,0.260233,37,88978,1450,1,417.55,16,1,1,1,1,1,0.5,0.5,0.5,0.5,2,1.0,0.5,surfaced_v2
1,huggingface__transformers-28115,polybench,python,2,opencode,l1,OpenCode,0,opus,unresolved,1,0,0,1,83,83,0.69283275,0.692833,23,13838,1591,1,250.12,12,1,1,1,1,1,0.5,0.5,1.0,1.0,2,1.0,0.5,surfaced_v2
1,huggingface__transformers-28115,polybench,python,2,aider,l1,Aider,0,kimi,unresolved,1,0,0,1,83,83,0.06225176,0.062252,4,37132,1564,1,150.97,1,1,1,1,1,1,0.5,0.5,0.5,0.5,2,1.0,0.5,surfaced_v2
1,huggingface__transformers-28115,polybench,python,2,aider,l1,Aider,0,opus,unresolved,1,0,0,1,83,83,0.36159074999999996,0.361591,4,2072,1591,1,137.4,1,1,1,1,1,1,0.5,0.5,0.5,0.5,2,1.0,0.5,surfaced_v2
1,instance_ansible__ansible-5640093f1ca63fd6af231cc8a7fb7d40e1907b8c-vba6da65a0f3baefda7a058ebbd0a8dcafb8512f5,pro,python,3+,supercoder,on,SC-ON,0,opus,resolved,1,1,4,4,0,0,1.12095525,1.120955,40,14042,9424,4,219.77,23,6,0,0,0,1,0.0,0.0,0.0,0.8,5,0.75,0.6,surfaced_v2
1,instance_ansible__ansible-5640093f1ca63fd6af231cc8a7fb7d40e1907b8c-vba6da65a0f3baefda7a058ebbd0a8dcafb8512f5,pro,python,3+,supercoder,off,SC-OFF,0,opus,resolved,1,1,4,4,0,0,1.0142517500000001,1.014252,40,10818,7569,3,258.87,40,6,0,0,0,1,0.0,0.0,0.0,0.8,5,1.0,0.6,surfaced_v2
1,instance_ansible__ansible-5640093f1ca63fd6af231cc8a7fb7d40e1907b8c-vba6da65a0f3baefda7a058ebbd0a8dcafb8512f5,pro,python,3+,opencode,l1,OpenCode,0,kimi,unsolved_timeout,1,0,0,4,0,0,0.5650454499999998,8.331825,36,281735,0,0,1800.89,85,36,0,0,0,0,0.0,0.0,0.0,0.0,5,,0.0,surfaced_v2
1,instance_ansible__ansible-5640093f1ca63fd6af231cc8a7fb7d40e1907b8c-vba6da65a0f3baefda7a058ebbd0a8dcafb8512f5,pro,python,3+,opencode,l1,OpenCode,0,opus,unresolved,1,0,2,4,0,0,2.53399375,2.533994,70,28938,12406,4,521.71,63,1,1,1,1,1,0.2,0.4,0.8,0.8,5,0.75,0.6,surfaced_v2
1,instance_ansible__ansible-5640093f1ca63fd6af231cc8a7fb7d40e1907b8c-vba6da65a0f3baefda7a058ebbd0a8dcafb8512f5,pro,python,3+,aider,l1,Aider,0,kimi,unresolved,1,0,0,4,0,0,0.01507704,0.015077,1,11362,0,0,1519.52,5,2,0,1,1,1,0.0,0.4,0.6,0.6,5,,0.0,surfaced_v2
1,instance_ansible__ansible-5640093f1ca63fd6af231cc8a7fb7d40e1907b8c-vba6da65a0f3baefda7a058ebbd0a8dcafb8512f5,pro,python,3+,aider,l1,Aider,0,opus,unresolved,1,0,0,4,0,0,0.2895875,0.289587,2,4235,0,0,73.45,4,2,0,1,1,1,0.0,0.4,0.6,0.6,5,,0.0,surfaced_v2
1,instance_navidrome__navidrome-6c6223f2f9db2c8c253e0d40a192e3519c9037d1,pro,go,1,supercoder,on,SC-ON,0,kimi,unresolved,1,0,0,1,0,0,0.5446290399999999,0.666232,38,194137,1823,2,982.0,26,3,0,1,1,1,0.0,1.0,1.0,1.0,1,0.5,1.0,surfaced_v2
1,instance_navidrome__navidrome-6c6223f2f9db2c8c253e0d40a192e3519c9037d1,pro,go,1,supercoder,off,SC-OFF,0,kimi,resolved,1,1,1,1,0,0,0.15248589999999998,0.161002,22,67669,2078,3,250.32,43,23,0,0,0,0,0.0,0.0,0.0,0.0,1,0.3333,1.0,surfaced_v2
1,instance_navidrome__navidrome-6c6223f2f9db2c8c253e0d40a192e3519c9037d1,pro,go,1,supercoder,on,SC-ON,0,opus,resolved,1,1,1,1,0,0,0.4057437499999999,0.405744,18,4008,1546,2,238.55,22,2,0,1,1,1,0.0,1.0,1.0,1.0,1,0.5,1.0,surfaced_v2
1,instance_navidrome__navidrome-6c6223f2f9db2c8c253e0d40a192e3519c9037d1,pro,go,1,supercoder,off,SC-OFF,0,opus,resolved,1,1,1,1,0,0,0.45784725,0.457847,22,4719,1561,2,273.47,16,3,0,1,1,1,0.0,1.0,1.0,1.0,1,0.5,1.0,surfaced_v2
1,instance_navidrome__navidrome-6c6223f2f9db2c8c253e0d40a192e3519c9037d1,pro,go,1,opencode,l1,OpenCode,0,kimi,unresolved,1,0,0,1,0,0,0.16755881999999997,0.167559,22,63304,547,1,283.09,125,11,0,0,0,0,0.0,0.0,0.0,0.0,1,0.0,0.0,surfaced_v2
1,instance_navidrome__navidrome-6c6223f2f9db2c8c253e0d40a192e3519c9037d1,pro,go,1,opencode,l1,OpenCode,0,opus,resolved,1,1,1,1,0,0,0.64887825,0.648878,25,9746,1833,2,260.43,19,6,0,0,0,1,0.0,0.0,0.0,1.0,1,0.5,1.0,surfaced_v2
1,instance_navidrome__navidrome-6c6223f2f9db2c8c253e0d40a192e3519c9037d1,pro,go,1,aider,l1,Aider,0,kimi,unresolved,1,0,0,1,0,0,0.02169521,0.021695,1,13170,0,0,1736.66,4,2,0,1,1,1,0.0,1.0,1.0,1.0,1,,0.0,surfaced_v2
1,instance_navidrome__navidrome-6c6223f2f9db2c8c253e0d40a192e3519c9037d1,pro,go,1,aider,l1,Aider,0,opus,unresolved,1,0,0,1,0,0,0.22914875,0.229149,4,2221,1300,1,41.01,1,1,1,1,1,1,1.0,1.0,1.0,1.0,1,1.0,1.0,surfaced_v2
1,google__gson-2167,polybench,java,2,supercoder,on,SC-ON,0,kimi,unresolved,1,0,0,31,0,0,0.12471988,0.12472,18,51666,4070,2,132.91,22,4,0,0,1,1,0.0,0.0,0.5,1.0,2,0.5,0.5,surfaced_v2
1,google__gson-2167,polybench,java,2,supercoder,off,SC-OFF,0,kimi,unresolved,1,0,0,31,0,0,0.16087478,0.160875,22,55147,3897,2,238.0,17,1,1,1,1,1,0.5,0.5,1.0,1.0,2,0.5,0.5,surfaced_v2
1,google__gson-2167,polybench,java,2,supercoder,on,SC-ON,0,opus,unresolved,1,0,0,31,0,0,0.45267275,0.452673,22,6163,4650,2,159.92,30,21,0,0,0,0,0.0,0.0,0.0,0.0,2,0.5,0.5,surfaced_v2
1,google__gson-2167,polybench,java,2,supercoder,off,SC-OFF,0,opus,unresolved,1,0,0,31,0,0,0.3711455000000001,0.371146,18,5514,5436,2,111.19,7,1,1,1,1,1,0.5,0.5,1.0,1.0,2,0.5,0.5,surfaced_v2
1,google__gson-2167,polybench,java,2,opencode,l1,OpenCode,0,kimi,unresolved,1,0,0,31,0,0,0.12747238,0.127472,19,60112,2899,2,122.27,12,1,1,1,1,1,0.5,0.5,1.0,1.0,2,0.5,0.5,surfaced_v2
1,google__gson-2167,polybench,java,2,opencode,l1,OpenCode,0,opus,unresolved,1,0,0,31,0,0,0.7808479999999999,0.780848,26,10583,5542,2,267.57,31,21,0,0,0,0,0.0,0.0,0.0,0.0,2,0.5,0.5,surfaced_v2
1,google__gson-2167,polybench,java,2,aider,l1,Aider,0,kimi,unresolved,1,0,0,31,0,0,0.03195953,0.03196,2,19815,2011,1,110.94,2,2,0,1,1,1,0.0,0.5,0.5,0.5,2,1.0,0.5,surfaced_v2
1,google__gson-2167,polybench,java,2,aider,l1,Aider,0,opus,unresolved,1,0,0,31,0,0,0.30287825000000007,0.302878,4,3108,3013,1,51.45,2,1,1,1,1,1,0.5,1.0,1.0,1.0,2,1.0,0.5,surfaced_v2
1,huggingface__transformers-16198,polybench,python,1,supercoder,off,SC-OFF,0,kimi,resolved,1,1,1,1,103,103,0.39638383000000005,0.396384,35,182601,1046,1,241.03,59,9,0,0,0,1,0.0,0.0,0.0,1.0,1,1.0,1.0,surfaced_v2
1,huggingface__transformers-16198,polybench,python,1,supercoder,on,SC-ON,0,opus,resolved,1,1,1,1,103,103,0.5787487499999999,0.578749,18,5622,2595,1,133.91,22,7,0,0,0,1,0.0,0.0,0.0,1.0,1,1.0,1.0,surfaced_v2
1,huggingface__transformers-16198,polybench,python,1,supercoder,off,SC-OFF,0,opus,resolved,1,1,1,1,103,103,0.9161655,0.916165,37,10710,3969,2,198.03,26,9,0,0,0,1,0.0,0.0,0.0,1.0,1,0.5,1.0,surfaced_v2
1,huggingface__transformers-16198,polybench,python,1,opencode,l1,OpenCode,0,kimi,resolved,1,1,1,1,103,103,0.51723515,0.517235,35,157738,3126,1,466.82,74,11,0,0,0,0,0.0,0.0,0.0,0.0,1,1.0,1.0,surfaced_v2
1,huggingface__transformers-16198,polybench,python,1,opencode,l1,OpenCode,0,opus,resolved,1,1,1,1,103,103,0.5096095,0.50961,17,7296,2595,1,153.37,59,6,0,0,0,1,0.0,0.0,0.0,1.0,1,1.0,1.0,surfaced_v2
1,huggingface__transformers-16198,polybench,python,1,aider,l1,Aider,0,kimi,resolved,1,1,1,1,103,103,0.04644430000000001,0.046444,4,20771,1133,1,275.13,2,1,1,1,1,1,1.0,1.0,1.0,1.0,1,1.0,1.0,surfaced_v2
1,huggingface__transformers-16198,polybench,python,1,aider,l1,Aider,0,opus,resolved,1,1,1,1,103,103,0.264404,0.264404,4,2356,2508,1,75.27,1,1,1,1,1,1,1.0,1.0,1.0,1.0,1,1.0,1.0,surfaced_v2
1,instance_internetarchive__openlibrary-fad4a40acf5ff5f06cd7441a5c7baf41a7d81fe4-vfa6ff903cb27f336e17654595dd900fa943dcd91,pro,python,2,supercoder,on,SC-ON,0,kimi,unresolved,1,0,0,41,1,1,0.7485589899999999,0.748559,73,314822,3787,2,941.73,68,1,1,1,1,1,0.5,0.5,0.5,1.0,2,0.5,0.5,surfaced_v2
1,instance_internetarchive__openlibrary-fad4a40acf5ff5f06cd7441a5c7baf41a7d81fe4-vfa6ff903cb27f336e17654595dd900fa943dcd91,pro,python,2,supercoder,off,SC-OFF,0,kimi,resolved,1,1,41,41,1,1,0.22062279000000004,0.220623,33,85886,5253,2,443.6,55,1,1,1,1,1,0.5,0.5,0.5,0.5,2,0.5,0.5,surfaced_v2
1,instance_internetarchive__openlibrary-fad4a40acf5ff5f06cd7441a5c7baf41a7d81fe4-vfa6ff903cb27f336e17654595dd900fa943dcd91,pro,python,2,supercoder,on,SC-ON,0,opus,resolved,1,1,41,41,1,1,0.5583467500000001,0.558347,16,10765,7048,3,185.41,33,1,1,1,1,1,0.5,0.5,0.5,0.5,2,0.6667,1.0,surfaced_v2
1,instance_internetarchive__openlibrary-fad4a40acf5ff5f06cd7441a5c7baf41a7d81fe4-vfa6ff903cb27f336e17654595dd900fa943dcd91,pro,python,2,supercoder,off,SC-OFF,0,opus,resolved,1,1,41,41,1,1,0.6002230000000001,0.600223,20,10124,6212,2,225.41,21,1,1,1,1,1,0.5,0.5,1.0,1.0,2,0.5,0.5,surfaced_v2
1,instance_internetarchive__openlibrary-fad4a40acf5ff5f06cd7441a5c7baf41a7d81fe4-vfa6ff903cb27f336e17654595dd900fa943dcd91,pro,python,2,opencode,l1,OpenCode,0,kimi,unresolved,1,0,0,41,1,1,0.27481271,0.274813,24,110267,1711,1,1033.02,57,1,1,1,1,1,0.5,0.5,0.5,0.5,2,1.0,0.5,surfaced_v2
1,instance_internetarchive__openlibrary-fad4a40acf5ff5f06cd7441a5c7baf41a7d81fe4-vfa6ff903cb27f336e17654595dd900fa943dcd91,pro,python,2,opencode,l1,OpenCode,0,opus,resolved,1,1,41,41,1,1,0.49871499999999996,0.498715,15,8255,6263,2,127.22,39,1,1,1,1,1,0.5,0.5,0.5,1.0,2,0.5,0.5,surfaced_v2
1,instance_internetarchive__openlibrary-fad4a40acf5ff5f06cd7441a5c7baf41a7d81fe4-vfa6ff903cb27f336e17654595dd900fa943dcd91,pro,python,2,aider,l1,Aider,0,kimi,unresolved,1,0,0,41,1,1,0.4432868,0.443287,46,184895,0,0,1064.15,2,2,0,1,1,1,0.0,0.5,0.5,0.5,2,,0.0,surfaced_v2
1,instance_internetarchive__openlibrary-fad4a40acf5ff5f06cd7441a5c7baf41a7d81fe4-vfa6ff903cb27f336e17654595dd900fa943dcd91,pro,python,2,aider,l1,Aider,0,opus,unresolved,1,0,0,41,1,1,41.30483125,41.304831,71,161334,0,0,42.04,2,2,0,1,1,1,0.0,0.5,0.5,0.5,2,,0.0,surfaced_v2
1,instance_navidrome__navidrome-1e96b858a91c640fe64e84c5e5ad8cc0954ea38d,pro,go,1,supercoder,on,SC-ON,0,kimi,unresolved,1,0,0,1,0,0,1.0077576100000005,1.22573,67,353562,5875,2,944.11,62,3,0,1,1,1,0.0,1.0,1.0,1.0,1,0.5,1.0,surfaced_v2
1,instance_navidrome__navidrome-1e96b858a91c640fe64e84c5e5ad8cc0954ea38d,pro,go,1,supercoder,off,SC-OFF,0,kimi,unsolved_timeout,1,0,0,1,0,0,1.3745018499999997,1.390295,71,392771,4302,3,1741.42,118,26,0,0,0,0,0.0,0.0,0.0,0.0,1,0.3333,1.0,surfaced_v2
1,instance_navidrome__navidrome-1e96b858a91c640fe64e84c5e5ad8cc0954ea38d,pro,go,1,supercoder,on,SC-ON,0,opus,unresolved,1,0,0,1,0,0,0.9418232499999999,0.941823,24,8891,5506,2,260.91,33,3,0,1,1,1,0.0,1.0,1.0,1.0,1,0.5,1.0,surfaced_v2
1,instance_navidrome__navidrome-1e96b858a91c640fe64e84c5e5ad8cc0954ea38d,pro,go,1,supercoder,off,SC-OFF,0,opus,unresolved,1,0,0,1,0,0,1.294191,1.294191,39,12315,7035,2,340.22,54,32,0,0,0,0,0.0,0.0,0.0,0.0,1,0.5,1.0,surfaced_v2
1,instance_navidrome__navidrome-1e96b858a91c640fe64e84c5e5ad8cc0954ea38d,pro,go,1,opencode,l1,OpenCode,0,kimi,unsolved_timeout,1,0,0,1,0,0,0.60439661,2.613688,37,317330,0,0,1800.72,71,8,0,0,0,1,0.0,0.0,0.0,1.0,1,,0.0,surfaced_v2
1,instance_navidrome__navidrome-1e96b858a91c640fe64e84c5e5ad8cc0954ea38d,pro,go,1,opencode,l1,OpenCode,0,opus,unresolved,1,0,0,1,0,0,1.5234234999999996,1.523423,36,19734,7578,2,436.74,39,2,0,1,1,1,0.0,1.0,1.0,1.0,1,0.5,1.0,surfaced_v2
1,instance_navidrome__navidrome-1e96b858a91c640fe64e84c5e5ad8cc0954ea38d,pro,go,1,aider,l1,Aider,0,kimi,unresolved,1,0,0,1,0,0,0.035917370000000004,0.035917,3,29575,0,0,36.3,8,,0,0,0,0,0.0,0.0,0.0,0.0,1,,0.0,surfaced_v2
1,instance_navidrome__navidrome-1e96b858a91c640fe64e84c5e5ad8cc0954ea38d,pro,go,1,aider,l1,Aider,0,opus,unresolved,1,0,0,1,0,0,0.33897075,0.338971,4,3710,2151,1,91.36,3,1,1,1,1,1,1.0,1.0,1.0,1.0,1,1.0,1.0,surfaced_v2
1,huggingface__transformers-7075,polybench,python,3+,supercoder,off,SC-OFF,0,kimi,resolved,1,1,11,11,0,0,0.38595479999999993,0.385955,34,179852,24979,8,177.56,50,19,0,0,0,0,0.0,0.0,0.0,0.0,8,0.75,0.75,surfaced_v2
1,huggingface__transformers-7075,polybench,python,3+,supercoder,on,SC-ON,0,opus,resolved,1,1,11,11,0,0,1.3626682500000002,1.362668,40,15034,26782,9,365.43,51,1,1,1,1,1,0.125,0.125,0.125,0.125,8,0.6667,0.75,surfaced_v2
1,huggingface__transformers-7075,polybench,python,3+,supercoder,off,SC-OFF,0,opus,resolved,1,1,11,11,0,0,1.117426,1.117426,40,12204,25409,8,336.28,40,1,1,1,1,1,0.125,0.125,0.125,0.125,8,0.75,0.75,surfaced_v2
1,huggingface__transformers-7075,polybench,python,3+,opencode,l1,OpenCode,0,kimi,resolved,1,1,11,11,0,0,0.9822229200000002,0.982223,60,298081,39125,10,529.15,53,1,1,1,1,1,0.125,0.125,0.125,0.125,8,0.6,0.75,surfaced_v2
1,huggingface__transformers-7075,polybench,python,3+,opencode,l1,OpenCode,0,opus,resolved,1,1,11,11,0,0,1.84817475,1.848175,49,22720,28828,8,396.53,28,1,1,1,1,1,0.125,0.375,0.375,0.375,8,0.75,0.75,surfaced_v2
1,huggingface__transformers-7075,polybench,python,3+,aider,l1,Aider,0,kimi,unresolved,1,0,0,11,0,0,0.027969200000000003,0.027969,3,11761,3168,1,57.98,1,1,1,1,1,1,0.125,0.125,0.125,0.125,8,1.0,0.125,surfaced_v2
1,huggingface__transformers-7075,polybench,python,3+,aider,l1,Aider,0,opus,unresolved,1,0,0,11,0,0,0.41514999999999996,0.41515,2,6657,0,0,75.01,7,2,0,1,1,1,0.0,0.25,0.5,0.75,8,,0.0,surfaced_v2
1,instance_internetarchive__openlibrary-7edd1ef09d91fe0b435707633c5cc9af41dedddf-v76304ecdb3a5954fcf13feb710e8c40fcf24b73c,pro,python,2,supercoder,on,SC-ON,0,kimi,unresolved,1,0,0,2,0,0,0.77542405,1.380328,54,280316,9860,2,502.06,259,1,1,1,1,1,0.5,0.5,0.5,0.5,2,0.5,0.5,surfaced_v2
1,instance_internetarchive__openlibrary-7edd1ef09d91fe0b435707633c5cc9af41dedddf-v76304ecdb3a5954fcf13feb710e8c40fcf24b73c,pro,python,2,supercoder,off,SC-OFF,0,kimi,unresolved,1,0,0,2,0,0,0.70632548,0.706325,62,335355,11143,4,637.57,199,81,0,0,0,0,0.0,0.0,0.0,0.0,2,0.5,1.0,surfaced_v2
1,instance_internetarchive__openlibrary-7edd1ef09d91fe0b435707633c5cc9af41dedddf-v76304ecdb3a5954fcf13feb710e8c40fcf24b73c,pro,python,2,supercoder,on,SC-ON,0,opus,unresolved,1,0,0,2,0,0,0.94337075,0.943371,27,12658,10892,2,404.95,39,2,0,1,1,1,0.0,0.5,0.5,0.5,2,0.5,0.5,surfaced_v2
1,instance_internetarchive__openlibrary-7edd1ef09d91fe0b435707633c5cc9af41dedddf-v76304ecdb3a5954fcf13feb710e8c40fcf24b73c,pro,python,2,supercoder,off,SC-OFF,0,opus,unresolved,1,0,0,2,0,0,1.7164017500000004,1.716402,68,21146,11388,2,518.72,47,21,0,0,0,0,0.0,0.0,0.0,0.0,2,0.5,0.5,surfaced_v2
1,instance_internetarchive__openlibrary-7edd1ef09d91fe0b435707633c5cc9af41dedddf-v76304ecdb3a5954fcf13feb710e8c40fcf24b73c,pro,python,2,opencode,l1,OpenCode,0,kimi,unsolved_timeout,1,0,0,2,0,0,0.3962516099999999,0.894037,31,159087,229,1,1800.91,228,1,1,1,1,1,0.5,0.5,0.5,0.5,2,0.0,0.0,surfaced_v2
1,instance_internetarchive__openlibrary-7edd1ef09d91fe0b435707633c5cc9af41dedddf-v76304ecdb3a5954fcf13feb710e8c40fcf24b73c,pro,python,2,opencode,l1,OpenCode,0,opus,unresolved,1,0,0,2,0,0,0.9714257500000001,0.971426,29,16594,10884,2,431.04,18,1,1,1,1,1,0.5,0.5,1.0,1.0,2,0.5,0.5,surfaced_v2
1,instance_internetarchive__openlibrary-7edd1ef09d91fe0b435707633c5cc9af41dedddf-v76304ecdb3a5954fcf13feb710e8c40fcf24b73c,pro,python,2,aider,l1,Aider,0,kimi,unresolved,1,0,0,2,0,0,0.01829411,0.018294,1,11940,229,1,1748.0,3,2,0,1,1,1,0.0,0.5,0.5,0.5,2,0.0,0.0,surfaced_v2
1,instance_internetarchive__openlibrary-7edd1ef09d91fe0b435707633c5cc9af41dedddf-v76304ecdb3a5954fcf13feb710e8c40fcf24b73c,pro,python,2,aider,l1,Aider,0,opus,unresolved,1,0,0,2,0,0,0.3814075,0.381408,4,5382,7754,2,75.46,2,1,1,1,1,1,0.5,0.5,0.5,0.5,2,0.5,0.5,surfaced_v2
1,instance_gravitational__teleport-b1bcd8b90c474a35bb11cc3ef4cc8941e1f8eab2-vee9b09fb20c43af7e520f57e9239bbcf46b7113d,pro,go,1,supercoder,off,SC-OFF,0,kimi,unresolved,1,0,1,2,0,1,0.18415623000000003,0.184156,23,77943,2708,2,405.63,76,44,0,0,0,0,0.0,0.0,0.0,0.0,1,0.5,1.0,surfaced_v2
1,instance_gravitational__teleport-b1bcd8b90c474a35bb11cc3ef4cc8941e1f8eab2-vee9b09fb20c43af7e520f57e9239bbcf46b7113d,pro,go,1,supercoder,on,SC-ON,0,opus,resolved,1,1,2,2,1,1,1.0830107500000001,1.083011,30,10418,8108,2,324.37,26,1,1,1,1,1,1.0,1.0,1.0,1.0,1,0.5,1.0,surfaced_v2
1,instance_gravitational__teleport-b1bcd8b90c474a35bb11cc3ef4cc8941e1f8eab2-vee9b09fb20c43af7e520f57e9239bbcf46b7113d,pro,go,1,supercoder,off,SC-OFF,0,opus,unresolved,1,0,1,2,0,1,1.2137322499999996,1.213732,41,13456,10498,2,376.31,36,22,0,0,0,0,0.0,0.0,0.0,0.0,1,0.5,1.0,surfaced_v2
1,instance_gravitational__teleport-b1bcd8b90c474a35bb11cc3ef4cc8941e1f8eab2-vee9b09fb20c43af7e520f57e9239bbcf46b7113d,pro,go,1,opencode,l1,OpenCode,0,kimi,unresolved,1,0,1,2,0,1,0.75808746,0.758087,55,405998,1835,2,1424.52,50,1,1,1,1,1,1.0,1.0,1.0,1.0,1,0.5,1.0,surfaced_v2
1,instance_gravitational__teleport-b1bcd8b90c474a35bb11cc3ef4cc8941e1f8eab2-vee9b09fb20c43af7e520f57e9239bbcf46b7113d,pro,go,1,opencode,l1,OpenCode,0,opus,unresolved,1,0,1,2,0,1,0.56075625,0.560756,16,8001,2816,2,146.52,15,1,1,1,1,1,1.0,1.0,1.0,1.0,1,0.5,1.0,surfaced_v2
1,instance_gravitational__teleport-b1bcd8b90c474a35bb11cc3ef4cc8941e1f8eab2-vee9b09fb20c43af7e520f57e9239bbcf46b7113d,pro,go,1,aider,l1,Aider,0,kimi,unresolved,1,0,0,2,1,1,0.03703483,0.037035,2,24279,0,0,139.21,2,,0,0,0,0,0.0,0.0,0.0,0.0,1,,0.0,surfaced_v2
1,instance_gravitational__teleport-b1bcd8b90c474a35bb11cc3ef4cc8941e1f8eab2-vee9b09fb20c43af7e520f57e9239bbcf46b7113d,pro,go,1,aider,l1,Aider,0,opus,unresolved,1,0,0,2,1,1,0.107575,0.107575,1,169,0,0,103.59,2,,0,0,0,0,0.0,0.0,0.0,0.0,1,,0.0,surfaced_v2
1,apache__rocketmq-4122,polybench,java,2,opencode,l1,OpenCode,0,kimi,unresolved,1,0,0,1,0,0,1.4352814200000001,2.174485,89,386585,8977,3,1718.2,68,7,0,0,0,1,0.0,0.0,0.0,0.5,2,0.3333,0.5,surfaced_v2
1,apache__rocketmq-4122,polybench,java,2,opencode,l1,OpenCode,0,opus,unresolved,1,0,0,1,0,0,2.309480000000001,4.810478,58,22909,5114,2,443.68,40,1,1,1,1,1,0.5,0.5,1.0,1.0,2,0.5,0.5,surfaced_v2
1,apache__rocketmq-4122,polybench,java,2,aider,l1,Aider,0,kimi,unresolved,1,0,0,1,0,0,0.01488229,0.097833,1,11706,0,0,1619.44,4,2,0,1,1,1,0.0,0.5,1.0,1.0,2,,0.0,surfaced_v2
1,apache__rocketmq-4122,polybench,java,2,aider,l1,Aider,0,opus,unresolved,1,0,0,1,0,0,1.1585020000000001,1.870026,5,3016,1757,2,61.43,4,2,0,1,1,1,0.0,1.0,1.0,1.0,2,0.5,0.5,surfaced_v2
1,apache__rocketmq-4122,polybench,java,2,supercoder,on,SC-ON,0,opus,unresolved,1,0,0,1,0,0,3.2477462499999987,6.588154,64,23185,4324,1,480.16,49,24,0,0,0,0,0.0,0.0,0.0,0.0,2,1.0,0.5,surfaced_v2
1,apache__rocketmq-4122,polybench,java,2,supercoder,off,SC-OFF,0,opus,unresolved,1,0,0,1,0,0,0.839557,3.098281,37,10209,4188,3,319.83,34,8,0,0,0,1,0.0,0.0,0.0,1.0,2,0.3333,0.5,surfaced_v2
1,huggingface__transformers-16198,polybench,python,1,supercoder,on,SC-ON,0,kimi,unresolved,1,0,0,1,103,103,0.6056288200000002,0.971074,53,228383,1171,1,619.0,56,4,0,0,1,1,0.0,0.0,1.0,1.0,1,1.0,1.0,surfaced_v2
1,huggingface__transformers-28115,polybench,python,2,supercoder,off,SC-OFF,0,kimi,unresolved,1,0,0,1,83,83,0.13012933999999998,0.819961,36,63685,1566,1,241.04,16,2,0,1,1,1,0.0,0.5,1.0,1.0,2,1.0,0.5,surfaced_v2
1,keras-team__keras-18553,polybench,python,1,supercoder,on,SC-ON,0,kimi,unresolved,1,0,0,2,88,88,0.30770229,0.828035,33,97374,1204,1,563.89,46,24,0,0,0,0,0.0,0.0,0.0,0.0,1,0.0,0.0,surfaced_v2
1,keras-team__keras-18553,polybench,python,1,supercoder,off,SC-OFF,0,kimi,unresolved,1,0,0,2,0,88,0.38650693,0.744212,52,151426,1229,1,458.25,36,16,0,0,0,0,0.0,0.0,0.0,0.0,1,0.0,0.0,surfaced_v2
1,keras-team__keras-19636,polybench,python,1,supercoder,on,SC-ON,0,kimi,resolved,1,1,1,1,28,28,1.3985478400000007,1.911979,81,516487,4101,2,1695.36,89,1,1,1,1,1,1.0,1.0,1.0,1.0,1,0.5,1.0,surfaced_v2
1,trinodb__trino-1512,polybench,java,1,supercoder,off,SC-OFF,0,opus,resolved,1,1,2,2,46,46,6.658547250000001,8.024807,155,42001,5312,1,1357.63,60,1,1,1,1,1,1.0,1.0,1.0,1.0,1,1.0,1.0,surfaced_v2
1,instance_ansible__ansible-5640093f1ca63fd6af231cc8a7fb7d40e1907b8c-vba6da65a0f3baefda7a058ebbd0a8dcafb8512f5,pro,python,3+,supercoder,on,SC-ON,0,kimi,unsolved_timeout,1,0,0,4,0,0,0.9371265500000001,4.546124,53,273918,0,0,1741.5,63,1,1,1,1,1,0.2,0.6,0.6,0.8,5,,0.0,surfaced_v2
1,instance_ansible__ansible-5640093f1ca63fd6af231cc8a7fb7d40e1907b8c-vba6da65a0f3baefda7a058ebbd0a8dcafb8512f5,pro,python,3+,supercoder,off,SC-OFF,0,kimi,infra_failed,0,,,,,,,5.094969,,,,,,,,,,,,,,,,,,,
1,instance_flipt-io__flipt-0b119520afca1cf25c470ff4288c464d4510b944,pro,go,3+,supercoder,off,SC-OFF,0,kimi,unresolved,1,0,0,1,0,0,1.06161312,2.176402,70,494774,10943,3,1365.23,151,2,0,1,1,1,0.0,0.3333,0.6667,0.6667,3,0.6667,0.6667,surfaced_v2
1,instance_flipt-io__flipt-0b119520afca1cf25c470ff4288c464d4510b944,pro,go,3+,supercoder,off,SC-OFF,0,opus,resolved,1,1,1,1,0,0,1.7030957499999995,2.878291,52,14520,9279,2,417.37,62,10,0,0,0,1,0.0,0.0,0.0,0.3333,3,1.0,0.6667,surfaced_v2
1,apache__rocketmq-4122,polybench,java,2,supercoder,on,SC-ON,0,kimi,unsolved_timeout,1,0,0,1,0,0,1.1229895500000002,8.836704,62,456304,654,1,1741.52,121,39,0,0,0,0,0.0,0.0,0.0,0.0,2,1.0,0.5,surfaced_v2
1,apache__rocketmq-4122,polybench,java,2,supercoder,off,SC-OFF,0,kimi,infra_failed,0,,,,,,,6.40409,,,,,,,,,,,,,,,,,,,
1,apache__rocketmq-7745,polybench,java,1,supercoder,off,SC-OFF,0,kimi,resolved,1,1,1,1,0,0,0.13773929999999998,1.070902,19,98929,2663,2,300.55,76,17,0,0,0,0,0.0,0.0,0.0,0.0,1,0.5,1.0,surfaced_v2
1,huggingface__transformers-25884,polybench,python,1,supercoder,off,SC-OFF,0,kimi,resolved,1,1,1,1,3,3,0.2595791499999999,0.523778,45,150830,586,1,338.89,114,33,0,0,0,0,0.0,0.0,0.0,0.0,1,1.0,1.0,surfaced_v2
1,huggingface__transformers-7075,polybench,python,3+,supercoder,on,SC-ON,0,kimi,resolved,1,1,11,11,0,0,1.4572823200000005,1.887021,118,702123,25045,8,396.44,51,1,1,1,1,1,0.125,0.125,0.125,0.125,8,0.75,0.75,surfaced_v2
1,instance_flipt-io__flipt-0b119520afca1cf25c470ff4288c464d4510b944,pro,go,3+,supercoder,on,SC-ON,0,kimi,unresolved,1,0,0,1,0,0,1.1454146799999994,4.07666,73,349218,10460,3,1425.76,146,31,0,0,0,0,0.0,0.0,0.0,0.0,3,0.6667,0.6667,surfaced_v2
1,instance_flipt-io__flipt-b4bb5e13006a729bc0eed8fe6ea18cff54acdacb,pro,go,3+,supercoder,on,SC-ON,0,kimi,resolved,1,1,1,1,0,0,0.5284571600000001,0.862299,48,288476,8770,8,439.66,111,2,0,1,1,1,0.0,0.25,0.25,0.375,8,0.5,0.5,surfaced_v2
1,instance_flipt-io__flipt-b4bb5e13006a729bc0eed8fe6ea18cff54acdacb,pro,go,3+,supercoder,off,SC-OFF,0,kimi,resolved,1,1,1,1,0,0,0.8570924200000001,1.17196,74,378463,8255,7,520.57,77,11,0,0,0,0,0.0,0.0,0.0,0.0,8,0.7143,0.625,surfaced_v2
1,instance_future-architect__vuls-8659668177f1feb65963db7a967347a79c5f9c40,pro,go,3+,supercoder,on,SC-ON,0,kimi,resolved,1,1,15,15,0,0,0.8817619700000002,1.55053,59,287555,9489,4,899.84,31,1,1,1,1,1,0.25,0.25,0.25,0.25,4,0.5,0.5,surfaced_v2
1,instance_future-architect__vuls-8659668177f1feb65963db7a967347a79c5f9c40,pro,go,3+,supercoder,off,SC-OFF,0,kimi,resolved,1,1,15,15,0,0,0.59689249,1.244119,42,222297,9923,4,720.97,108,71,0,0,0,0,0.0,0.0,0.0,0.0,4,0.5,0.5,surfaced_v2
1,instance_gravitational__teleport-b1bcd8b90c474a35bb11cc3ef4cc8941e1f8eab2-vee9b09fb20c43af7e520f57e9239bbcf46b7113d,pro,go,1,supercoder,on,SC-ON,0,kimi,unresolved,1,0,1,2,0,1,0.5994556600000001,3.33989,48,170170,3035,2,288.21,221,3,0,1,1,1,0.0,1.0,1.0,1.0,1,0.5,1.0,surfaced_v2
1,keras-team__keras-19636,polybench,python,1,supercoder,off,SC-OFF,0,kimi,resolved,1,1,1,1,28,28,1.7123123000000005,2.116827,130,882047,4230,2,771.25,69,5,0,0,1,1,0.0,0.0,1.0,1.0,1,0.5,1.0,surfaced_v2
1,trinodb__trino-1512,polybench,java,1,supercoder,on,SC-ON,0,kimi,resolved,1,1,2,2,46,46,0.4446252700000001,0.888699,31,201500,2626,2,590.63,207,1,1,1,1,1,1.0,1.0,1.0,1.0,1,0.5,1.0,surfaced_v2
1,trinodb__trino-1512,polybench,java,1,supercoder,off,SC-OFF,0,kimi,resolved,1,1,2,2,46,46,1.1127820700000002,1.935192,110,194689,2327,2,1519.59,66,5,0,0,1,1,0.0,0.0,1.0,1.0,1,0.5,1.0,surfaced_v2
